Code	Département	Région	Cash seizured registered	Cash ranking	Real estate seizures registered	Ranking in real estate seizures	Total ranking
75	Paris	Île-de-France	29520000	1	28	3	1
93	Seine-Saint-Denis	Île-de-France	18930000	2	33	2	2
59	Nord	Nord-Pas-de-Calais	8790000	3	42	1	3
13	Bouches-du-Rhône	Provence-Alpes-Côte d'Azur	7680000	4	9	11	5
6	Alpes-Maritimes	Provence-Alpes-Côte d'Azur	5680000	5	9	11	7
92	Hauts-de-Seine	Île-de-France	4340000	6	10	10	8
69	Rhône	Rhône-Alpes	4070000	7	14	6	4
94	Val-de-Marne	Île-de-France	3510000	8	11	9	9
33	Gironde	Aquitaine	2880000	9	7	12	11
95	Val-d'Oise	Île-de-France	2850000	10	15	5	6
54	Meurthe-et-Moselle	Lorraine	2790000	11	3	16	14
73	Savoie	Rhône-Alpes	2190000	12	2	17	15
78	Yvelines	Île-de-France	2070000	13	13	7	10
30	Gard	Languedoc-Roussillon	2040000	14	1	18	20
38	Isère	Rhône-Alpes	1950000	15	14	6	12
83	Var	Provence-Alpes-Côte d'Azur	1890000	16	11	9	13
34	Hérault	Languedoc-Roussillon	1800000	17	3	16	22
67	Bas-Rhin	Alsace	1580000	18	7	12	17
76	Seine-Maritime	Haute-Normandie	1510000	19	6	13	21
31	Haute-Garonne	Midi-Pyrénées	1460000	20	4	15	23
28	Eure-et-Loir	Centre	1220000	21	1	18	25
64	Pyrénées-Atlantiques	Aquitaine	1210000	22	2	17	26
91	Essonne	Île-de-France	1160000	23	14	6	16
37	Indre-et-Loire	Centre	1150000	24	0	19	29
77	Seine-et-Marne	Île-de-France	1110000	25	14	6	19
57	Moselle	Lorraine	1070000	26	17	4	18
68	Haut-Rhin	Alsace	1030000	27	0	19	32
74	Haute-Savoie	Rhône-Alpes	1020000	28	6	13	28
25	Doubs	Franche-Comté	1010000	29	3	16	31
35	Ille-et-Vilaine	Bretagne	850000	30	12	8	24
81	Tarn	Midi-Pyrénées	800000	31	12	8	27
14	Calvados	Basse-Normandie	710000	32	2	17	34
66	Pyrénées-Orientales	Languedoc-Roussillon	690000	33	2	17	36
51	Marne	Champagne-Ardenne	690000	34	4	15	35
60	Oise	Picardie	660000	35	3	16	37
62	Pas-de-Calais	Nord-Pas-de-Calais	570000	36	13	7	30
63	Puy-de-Dôme	Auvergne	550000	37	1	18	40
87	Haute-Vienne	Limousin	520000	38	5	14	38
45	Loiret	Centre	500000	39	3	16	41
42	Loire	Rhône-Alpes	470000	40	12	8	33
21	Côte-d'Or	Bourgogne	460000	41	9	11	39
84	Vaucluse	Provence-Alpes-Côte d'Azur	450000	42	0	19	44
11	Aude	Languedoc-Roussillon	450000	43	1	18	45
44	Loire-Atlantique	Pays de la Loire	420000	44	5	14	42
29	Finistère	Bretagne	410000	45	6	13	43
3	Allier	Auvergne	400000	46	1	18	46
17	Charente-Maritime	Poitou-Charentes	400000	47	2	17	47
2B	Haute-Corse	Corse	390000	48	2	17	48
80	Somme	Picardie	390000	49	2	17	49
85	Vendée	Pays de la Loire	370000	50	1	18	52
40	Landes	Aquitaine	370000	51	3	16	50
56	Morbihan	Bretagne	350000	52	4	15	51
41	Loir-et-Cher	Centre	340000	53	1	18	54
50	Manche	Basse-Normandie	320000	54	3	16	53
61	Orne	Basse-Normandie	290000	55	0	19	56
2	Aisne	Picardie	290000	56	0	19	57
52	Haute-Marne	Champagne-Ardenne	280000	57	3	16	55
71	Saône-et-Loire	Bourgogne	260000	58	1	18	59
89	Yonne	Bourgogne	260000	59	0	19	62
16	Charente	Poitou-Charentes	250000	60	0	19	63
8	Ardennes	Champagne-Ardenne	230000	61	5	14	58
18	Cher	Centre	230000	62	1	18	64
49	Maine-et-Loire	Pays de la Loire	210000	63	0	19	66
47	Lot-et-Garonne	Aquitaine	200000	64	3	16	65
27	Eure	Haute-Normandie	190000	65	7	12	60
9	Ariège	Midi-Pyrénées	160000	66	0	19	69
43	Haute-Loire	Auvergne	150000	67	2	17	68
2A	Corse-du-Sud	Corse	150000	68	1	18	70
24	Dordogne	Aquitaine	150000	69	12	8	61
22	Côtes-d'Armor	Bretagne	140000	70	1	18	72
19	Corrèze	Limousin	130000	71	0	19	73
1	Ain	Rhône-Alpes	110000	72	4	15	71
26	Drôme	Rhône-Alpes	110000	73	0	19	74
23	Creuse	Limousin	100000	74	12	8	67
72	Sarthe	Pays de la Loire	100000	75	0	19	78
46	Lot	Midi-Pyrénées	90000	76	2	17	75
55	Meuse	Lorraine	90000	77	0	19	79
88	Vosges	Lorraine	90000	78	4	15	76
10	Aube	Champagne-Ardenne	80000	79	0	19	80
36	Indre	Centre	80000	80	0	19	81
86	Vienne	Poitou-Charentes	80000	81	7	12	77
12	Aveyron	Midi-Pyrénées	80000	82	0	19	84
79	Deux-Sèvres	Poitou-Charentes	70000	83	3	16	82
32	Gers	Midi-Pyrénées	70000	84	1	18	85
65	Hautes-Pyrénées	Midi-Pyrénées	60000	85	5	14	83
70	Haute-Saône	Franche-Comté	60000	86	0	19	87
58	Nièvre	Bourgogne	60000	87	0	19	88
90	Territoire de Belfort	Franche-Comté	50000	88	0	19	89
15	Cantal	Auvergne	50000	89	0	19	92
7	Ardèche	Rhône-Alpes	40000	90	2	17	90
39	Jura	Franche-Comté	30000	91	3	16	91
5	Hautes-Alpes	Provence-Alpes-Côte d'Azur	30000	92	1	18	93
82	Tarn-et-Garonne	Midi-Pyrénées	20000	93	10	10	86
4	Alpes-de-Haute-Provence	Provence-Alpes-Côte d'Azur	10000	94	2	17	94
48	Lozère	Languedoc-Roussillon	10000	95	0	19	95
53	Mayenne	Pays de la Loire	0	96	0	19	96